PD_avg,PD_std,FD_avg,FD_std
0.15561538836203273,0.04099931679231608,0.70688586112359,0.651732271295593
0.17276772252038383,0.04833157686656411,0.8123124106118886,0.8019695733139877
