FD_avg,FD_std
0.7759300992918872,0.7623646560505044
0.6827211097340716,0.6064379970455462
0.8677558351978191,0.8431227247797707
0.7135666246492239,0.7123059710097754
