Angry,Happy,Neutral
"{'PD': (np.float64(0.16302179704487912), np.float64(0.04388336351723882)), 'FD': (np.float64(0.6717827283991882), np.float64(0.5868117724892293))}","{'PD': (np.float64(0.15203357129280687), np.float64(0.04196674225270713)), 'FD': (np.float64(0.7370232037710529), np.float64(0.6395543396569057))}","{'PD': (np.float64(0.14991769320012674), np.float64(0.03310719739122524)), 'FD': (np.float64(0.7160755207426964), np.float64(0.7466940411517531))}"
"{'PD': (np.float64(0.1751464920162533), np.float64(0.04039515335741149)), 'FD': (np.float64(0.8836010277409442), np.float64(0.8224263633901313))}","{'PD': (np.float64(0.165608211583335), np.float64(0.0478376721353393)), 'FD': (np.float64(0.9327938070395249), np.float64(0.9611679292210101))}","{'PD': (np.float64(0.17779692260071844), np.float64(0.0554785925662433)), 'FD': (np.float64(0.6048093307449223), np.float64(0.49218437364980566))}"
